n_shot,accuracy
0,0.0012345679012345679
1,0.06358024691358025
2,0.14938271604938272
4,0.19691358024691358
