n_shot,accuracy
0,0.0
1,0.12098765432098765
2,0.1728395061728395
4,0.18518518518518517
