n_shot,accuracy
0,0.0
1,0.18209876543209877
2,0.17716049382716048
4,0.18641975308641975
