n_shot,accuracy
0,0.0
1,0.16913580246913582
2,0.16728395061728396
4,0.19506172839506172
