n_shot,vqa_accuracy
0,0.34599999999999986
2,0.6881333333333347
4,0.6793333333333338
8,0.6717333333333342
