n_shot,vqa_accuracy
0,0.34493333333333315
2,0.7311333333333345
4,0.7398666666666674
8,0.7420000000000011
