n_shot,vqa_accuracy
0,0.013733333333333334
2,0.3533333333333331
4,0.43813333333333265
8,0.6136666666666678
