n_shot,vqa_accuracy
0,0.014133333333333331
2,0.4854000000000001
4,0.6200000000000009
8,0.7208666666666673
