n_shot,vqa_accuracy
0,0.06459999999999999
2,0.4635333333333337
4,0.4813333333333341
8,0.49033333333333395
