n_shot,vqa_accuracy
0,0.06453333333333333
2,0.3786666666666663
4,0.41153333333333314
8,0.4347999999999999
