n_shot,vqa_accuracy
0,0.4626000000000003
2,0.5276666666666667
4,0.5314
8,0.5280000000000001
