n_shot,vqa_accuracy
0,0.46400000000000025
2,0.4458
4,0.46980000000000016
8,0.47233333333333377
