n_shot,accuracy
0,0.13271604938271606
1,0.19074074074074074
2,0.18950617283950616
4,0.20308641975308642
