n_shot,accuracy
0,0.05493827160493827
1,0.20679012345679013
2,0.20617283950617285
4,0.21296296296296297
