n_shot,accuracy
0,0.05925925925925926
1,0.17839506172839506
2,0.2
4,0.19876543209876543
