n_shot,accuracy
0,0.12962962962962962
1,0.20123456790123456
2,0.21604938271604937
4,0.22098765432098766
